Workbook

Sheet ابدأ هنا
B2: مخطط الميزانية والأهداف ورمضان 2027
B4: 1) اكتب إعداداتك في الخانات الصفراء تحت (السنة، العملة، هدف الادخار، بداية رمضان، سعر جرام الذهب).
B5: 2) من شيت «الفئات والميزانية» عدّل أسماء الفئات واكتب الميزانية الشهرية لكل فئة.
B6: 3) سجّل كل مصروف أو دخل في شيت «المعاملات»: التاريخ + الفئة (من القائمة) + المبلغ. النوع والشهر بيتحسبوا لوحدهم.
B7: 4) لوحة التحكم بتتحدّث تلقائياً: الدخل، المصروف، صافي الادخار، الميزانية مقابل الفعلي، والرسوم البيانية.
B8: 5) شيت «الأهداف»: اكتب الهدف والمبلغ والموعد، وهيحسبلك المطلوب ادخاره كل شهر.
B9: 6) شيت «رمضان»: ميزانية رمضان، حاسبة الزكاة، ومتابعة 30 يوم (صيام، قرآن، تراويح، صدقة).
B10: الخانات الصفراء = إدخال • الخانات الرمادية = معادلات، لا تعدّلها.
B11: البيانات الموجودة مثال توضيحي: امسح خانات (التاريخ، الفئة، الوصف، المبلغ) في «المعاملات» وابدأ ببياناتك.
B12: للاستخدام على Google Sheets: ارفع الملف على Google Drive ثم افتحه بـ Google Sheets.
B15: الإعدادات
B16: السنة | C16: 2027
B17: العملة | C17: EGP
B18: هدف الادخار (% من الدخل) | C18: 0.2
B19: أول يوم رمضان | C19: 46426 | D19: تاريخ تقديري (1 رمضان 1448هـ ≈ 8 فبراير 2027). عدّله حسب إعلان الرؤية في بلدك.
B20: عدد أيام رمضان | C20: 30
B21: آخر يوم رمضان (تلقائي) | C21: =C19+C20-1 -> 46455
B22: سعر جرام الذهب عيار 24 (بعملتك) | C22: 6000 | D22: رقم مثال — حدّثه بسعر اليوم قبل حساب الزكاة.
B23: النصاب = 85 جرام ذهب (تلقائي) | C23: =85*C22 -> 510000

Sheet لوحة التحكم
B2: مخطط الميزانية والأهداف ورمضان 2027
B3: ="السنة: "&cfgYear&" • "&cfgCur&" • كل الأرقام بتتحسب تلقائياً من شيت المعاملات" -> السنة: 2027 • EGP • كل الأرقام بتتحسب تلقائياً من شيت المعاملات
B5: إجمالي الدخل | D5: إجمالي المصروف | F5: صافي الادخار | H5: نسبة الادخار | J5: مصروف رمضان | L5: تقدّم الأهداف
B6: =SUMIFS(txAmt,txType,"دخل",txDate,">="&DATE(cfgYear,1,1),txDate,"<"&DATE(cfgYear+1,1,1)) -> 104858 | D6: =SUMIFS(txAmt,txType,"مصروف",txDate,">="&DATE(cfgYear,1,1),txDate,"<"&DATE(cfgYear+1,1,1)) -> 79015 | F6: =B6-D6 -> 25843 | H6: =IF(B6=0,0,F6/B6) -> 0.24645711 | J6: =ramSpend -> 36692 | L6: =الأهداف!F17 -> 0.26744186
H7: ="الهدف: "&TEXT(cfgSave,"0%") -> الهدف: 20%
B10: الشهر | C10: الدخل | D10: المصروف | E10: الصافي | F10: ميزانية المصروف | G10: المتبقي من الميزانية | H10: نسبة الادخار
B11: يناير | C11: =SUMIFS(txAmt,txType,"دخل",txDate,">="&DATE(cfgYear,1,1),txDate,"<"&DATE(cfgYear,2,1)) -> 35924 | D11: =SUMIFS(txAmt,txType,"مصروف",txDate,">="&DATE(cfgYear,1,1),txDate,"<"&DATE(cfgYear,2,1)) -> 22346 | E11: =C11-D11 -> 13578 | F11: =SUMIF('الفئات والميزانية'!$C$6:$C$40,"مصروف",'الفئات والميزانية'!$D$6:$D$40) -> 21800 | G11: =F11-D11 -> -546 | H11: =IF(C11=0,0,E11/C11) -> 0.37796459
B12: فبراير | C12: =SUMIFS(txAmt,txType,"دخل",txDate,">="&DATE(cfgYear,2,1),txDate,"<"&DATE(cfgYear,3,1)) -> 32941 | D12: =SUMIFS(txAmt,txType,"مصروف",txDate,">="&DATE(cfgYear,2,1),txDate,"<"&DATE(cfgYear,3,1)) -> 25053 | E12: =C12-D12 -> 7888 | F12: =SUMIF('الفئات والميزانية'!$C$6:$C$40,"مصروف",'الفئات والميزانية'!$D$6:$D$40) -> 21800 | G12: =F12-D12 -> -3253 | H12: =IF(C12=0,0,E12/C12) -> 0.23945843
B13: مارس | C13: =SUMIFS(txAmt,txType,"دخل",txDate,">="&DATE(cfgYear,3,1),txDate,"<"&DATE(cfgYear,4,1)) -> 35993 | D13: =SUMIFS(txAmt,txType,"مصروف",txDate,">="&DATE(cfgYear,3,1),txDate,"<"&DATE(cfgYear,4,1)) -> 31616 | E13: =C13-D13 -> 4377 | F13: =SUMIF('الفئات والميزانية'!$C$6:$C$40,"مصروف",'الفئات والميزانية'!$D$6:$D$40) -> 21800 | G13: =F13-D13 -> -9816 | H13: =IF(C13=0,0,E13/C13) -> 0.12160698
B14: أبريل | C14: =SUMIFS(txAmt,txType,"دخل",txDate,">="&DATE(cfgYear,4,1),txDate,"<"&DATE(cfgYear,5,1)) -> 0 | D14: =SUMIFS(txAmt,txType,"مصروف",txDate,">="&DATE(cfgYear,4,1),txDate,"<"&DATE(cfgYear,5,1)) -> 0 | E14: =C14-D14 -> 0 | F14: =SUMIF('الفئات والميزانية'!$C$6:$C$40,"مصروف",'الفئات والميزانية'!$D$6:$D$40) -> 21800 | G14: =F14-D14 -> 21800 | H14: =IF(C14=0,0,E14/C14) -> 0
B15: مايو | C15: =SUMIFS(txAmt,txType,"دخل",txDate,">="&DATE(cfgYear,5,1),txDate,"<"&DATE(cfgYear,6,1)) -> 0 | D15: =SUMIFS(txAmt,txType,"مصروف",txDate,">="&DATE(cfgYear,5,1),txDate,"<"&DATE(cfgYear,6,1)) -> 0 | E15: =C15-D15 -> 0 | F15: =SUMIF('الفئات والميزانية'!$C$6:$C$40,"مصروف",'الفئات والميزانية'!$D$6:$D$40) -> 21800 | G15: =F15-D15 -> 21800 | H15: =IF(C15=0,0,E15/C15) -> 0
B16: يونيو | C16: =SUMIFS(txAmt,txType,"دخل",txDate,">="&DATE(cfgYear,6,1),txDate,"<"&DATE(cfgYear,7,1)) -> 0 | D16: =SUMIFS(txAmt,txType,"مصروف",txDate,">="&DATE(cfgYear,6,1),txDate,"<"&DATE(cfgYear,7,1)) -> 0 | E16: =C16-D16 -> 0 | F16: =SUMIF('الفئات والميزانية'!$C$6:$C$40,"مصروف",'الفئات والميزانية'!$D$6:$D$40) -> 21800 | G16: =F16-D16 -> 21800 | H16: =IF(C16=0,0,E16/C16) -> 0
B17: يوليو | C17: =SUMIFS(txAmt,txType,"دخل",txDate,">="&DATE(cfgYear,7,1),txDate,"<"&DATE(cfgYear,8,1)) -> 0 | D17: =SUMIFS(txAmt,txType,"مصروف",txDate,">="&DATE(cfgYear,7,1),txDate,"<"&DATE(cfgYear,8,1)) -> 0 | E17: =C17-D17 -> 0 | F17: =SUMIF('الفئات والميزانية'!$C$6:$C$40,"مصروف",'الفئات والميزانية'!$D$6:$D$40) -> 21800 | G17: =F17-D17 -> 21800 | H17: =IF(C17=0,0,E17/C17) -> 0
B18: أغسطس | C18: =SUMIFS(txAmt,txType,"دخل",txDate,">="&DATE(cfgYear,8,1),txDate,"<"&DATE(cfgYear,9,1)) -> 0 | D18: =SUMIFS(txAmt,txType,"مصروف",txDate,">="&DATE(cfgYear,8,1),txDate,"<"&DATE(cfgYear,9,1)) -> 0 | E18: =C18-D18 -> 0 | F18: =SUMIF('الفئات والميزانية'!$C$6:$C$40,"مصروف",'الفئات والميزانية'!$D$6:$D$40) -> 21800 | G18: =F18-D18 -> 21800 | H18: =IF(C18=0,0,E18/C18) -> 0
B19: سبتمبر | C19: =SUMIFS(txAmt,txType,"دخل",txDate,">="&DATE(cfgYear,9,1),txDate,"<"&DATE(cfgYear,10,1)) -> 0 | D19: =SUMIFS(txAmt,txType,"مصروف",txDate,">="&DATE(cfgYear,9,1),txDate,"<"&DATE(cfgYear,10,1)) -> 0 | E19: =C19-D19 -> 0 | F19: =SUMIF('الفئات والميزانية'!$C$6:$C$40,"مصروف",'الفئات والميزانية'!$D$6:$D$40) -> 21800 | G19: =F19-D19 -> 21800 | H19: =IF(C19=0,0,E19/C19) -> 0
B20: أكتوبر | C20: =SUMIFS(txAmt,txType,"دخل",txDate,">="&DATE(cfgYear,10,1),txDate,"<"&DATE(cfgYear,11,1)) -> 0 | D20: =SUMIFS(txAmt,txType,"مصروف",txDate,">="&DATE(cfgYear,10,1),txDate,"<"&DATE(cfgYear,11,1)) -> 0 | E20: =C20-D20 -> 0 | F20: =SUMIF('الفئات والميزانية'!$C$6:$C$40,"مصروف",'الفئات والميزانية'!$D$6:$D$40) -> 21800 | G20: =F20-D20 -> 21800 | H20: =IF(C20=0,0,E20/C20) -> 0
B21: نوفمبر | C21: =SUMIFS(txAmt,txType,"دخل",txDate,">="&DATE(cfgYear,11,1),txDate,"<"&DATE(cfgYear,12,1)) -> 0 | D21: =SUMIFS(txAmt,txType,"مصروف",txDate,">="&DATE(cfgYear,11,1),txDate,"<"&DATE(cfgYear,12,1)) -> 0 | E21: =C21-D21 -> 0 | F21: =SUMIF('الفئات والميزانية'!$C$6:$C$40,"مصروف",'الفئات والميزانية'!$D$6:$D$40) -> 21800 | G21: =F21-D21 -> 21800 | H21: =IF(C21=0,0,E21/C21) -> 0
B22: ديسمبر | C22: =SUMIFS(txAmt,txType,"دخل",txDate,">="&DATE(cfgYear,12,1),txDate,"<"&DATE(cfgYear,13,1)) -> 0 | D22: =SUMIFS(txAmt,txType,"مصروف",txDate,">="&DATE(cfgYear,12,1),txDate,"<"&DATE(cfgYear,13,1)) -> 0 | E22: =C22-D22 -> 0 | F22: =SUMIF('الفئات والميزانية'!$C$6:$C$40,"مصروف",'الفئات والميزانية'!$D$6:$D$40) -> 21800 | G22: =F22-D22 -> 21800 | H22: =IF(C22=0,0,E22/C22) -> 0
B23: الإجمالي | C23: =SUM(C11:C22) -> 104858 | D23: =SUM(D11:D22) -> 79015 | E23: =SUM(E11:E22) -> 25843 | F23: =SUM(F11:F22) -> 261600 | G23: =SUM(G11:G22) -> 182585 | H23: =IF(C23=0,0,E23/C23) -> 0.24645711

Sheet المعاملات
B2: المعاملات
B5: التاريخ | C5: الفئة | D5: الوصف | E5: المبلغ | F5: النوع (تلقائي) | G5: الشهر (تلقائي) | H5: في رمضان؟
B6: 46388 | C6: الراتب | D6: مرتب الشهر | E6: 25000 | F6: =IF(C6="","",IFERROR(INDEX(catTypes,MATCH(C6,catNames,0)),"?")) -> دخل | G6: =IF(B6="","",MONTH(B6)) -> 1 | H6: =IF(B6="","",IF(AND(B6>=cfgRStart,B6<=cfgREnd),"☾",""))
B7: 46389 | C7: سكن وإيجار | D7: إيجار الشهر | E7: 7000 | F7: =IF(C7="","",IFERROR(INDEX(catTypes,MATCH(C7,catNames,0)),"?")) -> مصروف | G7: =IF(B7="","",MONTH(B7)) -> 1 | H7: =IF(B7="","",IF(AND(B7>=cfgRStart,B7<=cfgREnd),"☾",""))
B8: 46391 | C8: طعام ومشتريات البيت | D8: مشتريات سوبرماركت | E8: 1320 | F8: =IF(C8="","",IFERROR(INDEX(catTypes,MATCH(C8,catNames,0)),"?")) -> مصروف | G8: =IF(B8="","",MONTH(B8)) -> 1 | H8: =IF(B8="","",IF(AND(B8>=cfgRStart,B8<=cfgREnd),"☾",""))
B9: 46392 | C9: فواتير ومرافق | D9: كهرباء ومياه وغاز | E9: 1472 | F9: =IF(C9="","",IFERROR(INDEX(catTypes,MATCH(C9,catNames,0)),"?")) -> مصروف | G9: =IF(B9="","",MONTH(B9)) -> 1 | H9: =IF(B9="","",IF(AND(B9>=cfgRStart,B9<=cfgREnd),"☾",""))
B10: 46393 | C10: اتصالات وإنترنت | D10: باقة النت والموبايل | E10: 600 | F10: =IF(C10="","",IFERROR(INDEX(catTypes,MATCH(C10,catNames,0)),"?")) -> مصروف | G10: =IF(B10="","",MONTH(B10)) -> 1 | H10: =IF(B10="","",IF(AND(B10>=cfgRStart,B10<=cfgREnd),"☾",""))
B11: 46394 | C11: اشتراكات | D11: اشتراكات شهرية | E11: 400 | F11: =IF(C11="","",IFERROR(INDEX(catTypes,MATCH(C11,catNames,0)),"?")) -> مصروف | G11: =IF(B11="","",MONTH(B11)) -> 1 | H11: =IF(B11="","",IF(AND(B11>=cfgRStart,B11<=cfgREnd),"☾",""))
B12: 46397 | C12: مواصلات | D12: بنزين ومواصلات | E12: 1445 | F12: =IF(C12="","",IFERROR(INDEX(catTypes,MATCH(C12,catNames,0)),"?")) -> مصروف | G12: =IF(B12="","",MONTH(B12)) -> 1 | H12: =IF(B12="","",IF(AND(B12>=cfgRStart,B12<=cfgREnd),"☾",""))
B13: 46399 | C13: طعام ومشتريات البيت | D13: مشتريات سوبرماركت | E13: 1559 | F13: =IF(C13="","",IFERROR(INDEX(catTypes,MATCH(C13,catNames,0)),"?")) -> مصروف | G13: =IF(B13="","",MONTH(B13)) -> 1 | H13: =IF(B13="","",IF(AND(B13>=cfgRStart,B13<=cfgREnd),"☾",""))
B14: 46401 | C14: صحة | D14: صيدلية | E14: 1120 | F14: =IF(C14="","",IFERROR(INDEX(catTypes,MATCH(C14,catNames,0)),"?")) -> مصروف | G14: =IF(B14="","",MONTH(B14)) -> 1 | H14: =IF(B14="","",IF(AND(B14>=cfgRStart,B14<=cfgREnd),"☾",""))
B15: 46402 | C15: عمل حر | D15: مشروع عميل | E15: 9712 | F15: =IF(C15="","",IFERROR(INDEX(catTypes,MATCH(C15,catNames,0)),"?")) -> دخل | G15: =IF(B15="","",MONTH(B15)) -> 1 | H15: =IF(B15="","",IF(AND(B15>=cfgRStart,B15<=cfgREnd),"☾",""))
B16: 46405 | C16: ترفيه وخروجات | D16: خروجة | E16: 802 | F16: =IF(C16="","",IFERROR(INDEX(catTypes,MATCH(C16,catNames,0)),"?")) -> مصروف | G16: =IF(B16="","",MONTH(B16)) -> 1 | H16: =IF(B16="","",IF(AND(B16>=cfgRStart,B16<=cfgREnd),"☾",""))
B17: 46407 | C17: طعام ومشتريات البيت | D17: مشتريات سوبرماركت | E17: 1715 | F17: =IF(C17="","",IFERROR(INDEX(catTypes,MATCH(C17,catNames,0)),"?")) -> مصروف | G17: =IF(B17="","",MONTH(B17)) -> 1 | H17: =IF(B17="","",IF(AND(B17>=cfgRStart,B17<=cfgREnd),"☾",""))
... B58: 46473 | C58: طعام ومشتريات البيت | D58: مشتريات سوبرماركت | E58: 1641 | F58: =IF(C58="","",IFERROR(INDEX(catTypes,MATCH(C58,catNames,0)),"?")) -> مصروف | G58: =IF(B58="","",MONTH(B58)) -> 3 | H58: =IF(B58="","",IF(AND(B58>=cfgRStart,B58<=cfgREnd),"☾",""))
F59: =IF(C59="","",IFERROR(INDEX(catTypes,MATCH(C59,catNames,0)),"?")) | G59: =IF(B59="","",MONTH(B59)) | H59: =IF(B59="","",IF(AND(B59>=cfgRStart,B59<=cfgREnd),"☾",""))
F60: =IF(C60="","",IFERROR(INDEX(catTypes,MATCH(C60,catNames,0)),"?")) | G60: =IF(B60="","",MONTH(B60)) | H60: =IF(B60="","",IF(AND(B60>=cfgRStart,B60<=cfgREnd),"☾",""))
F61: =IF(C61="","",IFERROR(INDEX(catTypes,MATCH(C61,catNames,0)),"?")) | G61: =IF(B61="","",MONTH(B61)) | H61: =IF(B61="","",IF(AND(B61>=cfgRStart,B61<=cfgREnd),"☾",""))
F62: =IF(C62="","",IFERROR(INDEX(catTypes,MATCH(C62,catNames,0)),"?")) | G62: =IF(B62="","",MONTH(B62)) | H62: =IF(B62="","",IF(AND(B62>=cfgRStart,B62<=cfgREnd),"☾",""))
F63: =IF(C63="","",IFERROR(INDEX(catTypes,MATCH(C63,catNames,0)),"?")) | G63: =IF(B63="","",MONTH(B63)) | H63: =IF(B63="","",IF(AND(B63>=cfgRStart,B63<=cfgREnd),"☾",""))
F64: =IF(C64="","",IFERROR(INDEX(catTypes,MATCH(C64,catNames,0)),"?")) | G64: =IF(B64="","",MONTH(B64)) | H64: =IF(B64="","",IF(AND(B64>=cfgRStart,B64<=cfgREnd),"☾",""))
F65: =IF(C65="","",IFERROR(INDEX(catTypes,MATCH(C65,catNames,0)),"?")) | G65: =IF(B65="","",MONTH(B65)) | H65: =IF(B65="","",IF(AND(B65>=cfgRStart,B65<=cfgREnd),"☾",""))
F66: =IF(C66="","",IFERROR(INDEX(catTypes,MATCH(C66,catNames,0)),"?")) | G66: =IF(B66="","",MONTH(B66)) | H66: =IF(B66="","",IF(AND(B66>=cfgRStart,B66<=cfgREnd),"☾",""))
F67: =IF(C67="","",IFERROR(INDEX(catTypes,MATCH(C67,catNames,0)),"?")) | G67: =IF(B67="","",MONTH(B67)) | H67: =IF(B67="","",IF(AND(B67>=cfgRStart,B67<=cfgREnd),"☾",""))
F68: =IF(C68="","",IFERROR(INDEX(catTypes,MATCH(C68,catNames,0)),"?")) | G68: =IF(B68="","",MONTH(B68)) | H68: =IF(B68="","",IF(AND(B68>=cfgRStart,B68<=cfgREnd),"☾",""))
F69: =IF(C69="","",IFERROR(INDEX(catTypes,MATCH(C69,catNames,0)),"?")) | G69: =IF(B69="","",MONTH(B69)) | H69: =IF(B69="","",IF(AND(B69>=cfgRStart,B69<=cfgREnd),"☾",""))
F70: =IF(C70="","",IFERROR(INDEX(catTypes,MATCH(C70,catNames,0)),"?")) | G70: =IF(B70="","",MONTH(B70)) | H70: =IF(B70="","",IF(AND(B70>=cfgRStart,B70<=cfgREnd),"☾",""))
... F1005: =IF(C1005="","",IFERROR(INDEX(catTypes,MATCH(C1005,catNames,0)),"?")) | G1005: =IF(B1005="","",MONTH(B1005)) | H1005: =IF(B1005="","",IF(AND(B1005>=cfgRStart,B1005<=cfgREnd),"☾",""))

Sheet الفئات والميزانية
B2: الفئات والميزانية
B5: الفئة | C5: النوع | D5: الخطة الشهرية | E5: الخطة السنوية | F5: الفعلي (السنة) | G5: المتبقي | H5: % المستخدم
B6: الراتب | C6: دخل | D6: 25000 | E6: =N(D6)*12 -> 300000 | F6: =IF(B6="",0,SUMIFS(txAmt,txCat,B6,txDate,">="&DATE(cfgYear,1,1),txDate,"<"&DATE(cfgYear+1,1,1))) -> 75000 | G6: =E6-F6 -> 225000 | H6: =IF(OR(B6="",E6=0),"",F6/E6) -> 0.25
B7: عمل حر | C7: دخل | D7: 8000 | E7: =N(D7)*12 -> 96000 | F7: =IF(B7="",0,SUMIFS(txAmt,txCat,B7,txDate,">="&DATE(cfgYear,1,1),txDate,"<"&DATE(cfgYear+1,1,1))) -> 27072 | G7: =E7-F7 -> 68928 | H7: =IF(OR(B7="",E7=0),"",F7/E7) -> 0.282
B8: استثمارات وأرباح | C8: دخل | D8: 1500 | E8: =N(D8)*12 -> 18000 | F8: =IF(B8="",0,SUMIFS(txAmt,txCat,B8,txDate,">="&DATE(cfgYear,1,1),txDate,"<"&DATE(cfgYear+1,1,1))) -> 2786 | G8: =E8-F8 -> 15214 | H8: =IF(OR(B8="",E8=0),"",F8/E8) -> 0.15477778
C9: دخل | E9: =N(D9)*12 -> 0 | F9: =IF(B9="",0,SUMIFS(txAmt,txCat,B9,txDate,">="&DATE(cfgYear,1,1),txDate,"<"&DATE(cfgYear+1,1,1))) -> 0 | G9: =E9-F9 -> 0 | H9: =IF(OR(B9="",E9=0),"",F9/E9)
C10: دخل | E10: =N(D10)*12 -> 0 | F10: =IF(B10="",0,SUMIFS(txAmt,txCat,B10,txDate,">="&DATE(cfgYear,1,1),txDate,"<"&DATE(cfgYear+1,1,1))) -> 0 | G10: =E10-F10 -> 0 | H10: =IF(OR(B10="",E10=0),"",F10/E10)
C11: دخل | E11: =N(D11)*12 -> 0 | F11: =IF(B11="",0,SUMIFS(txAmt,txCat,B11,txDate,">="&DATE(cfgYear,1,1),txDate,"<"&DATE(cfgYear+1,1,1))) -> 0 | G11: =E11-F11 -> 0 | H11: =IF(OR(B11="",E11=0),"",F11/E11)
C12: دخل | E12: =N(D12)*12 -> 0 | F12: =IF(B12="",0,SUMIFS(txAmt,txCat,B12,txDate,">="&DATE(cfgYear,1,1),txDate,"<"&DATE(cfgYear+1,1,1))) -> 0 | G12: =E12-F12 -> 0 | H12: =IF(OR(B12="",E12=0),"",F12/E12)
C13: دخل | E13: =N(D13)*12 -> 0 | F13: =IF(B13="",0,SUMIFS(txAmt,txCat,B13,txDate,">="&DATE(cfgYear,1,1),txDate,"<"&DATE(cfgYear+1,1,1))) -> 0 | G13: =E13-F13 -> 0 | H13: =IF(OR(B13="",E13=0),"",F13/E13)
B14: سكن وإيجار | C14: مصروف | D14: 7000 | E14: =N(D14)*12 -> 84000 | F14: =IF(B14="",0,SUMIFS(txAmt,txCat,B14,txDate,">="&DATE(cfgYear,1,1),txDate,"<"&DATE(cfgYear+1,1,1))) -> 21000 | G14: =E14-F14 -> 63000 | H14: =IF(OR(B14="",E14=0),"",F14/E14) -> 0.25
B15: فواتير ومرافق | C15: مصروف | D15: 1500 | E15: =N(D15)*12 -> 18000 | F15: =IF(B15="",0,SUMIFS(txAmt,txCat,B15,txDate,">="&DATE(cfgYear,1,1),txDate,"<"&DATE(cfgYear+1,1,1))) -> 4296 | G15: =E15-F15 -> 13704 | H15: =IF(OR(B15="",E15=0),"",F15/E15) -> 0.23866667
B16: طعام ومشتريات البيت | C16: مصروف | D16: 6000 | E16: =N(D16)*12 -> 72000 | F16: =IF(B16="",0,SUMIFS(txAmt,txCat,B16,txDate,">="&DATE(cfgYear,1,1),txDate,"<"&DATE(cfgYear+1,1,1))) -> 18571 | G16: =E16-F16 -> 53429 | H16: =IF(OR(B16="",E16=0),"",F16/E16) -> 0.25793056
B17: مواصلات | C17: مصروف | D17: 1500 | E17: =N(D17)*12 -> 18000 | F17: =IF(B17="",0,SUMIFS(txAmt,txCat,B17,txDate,">="&DATE(cfgYear,1,1),txDate,"<"&DATE(cfgYear+1,1,1))) -> 4358 | G17: =E17-F17 -> 13642 | H17: =IF(OR(B17="",E17=0),"",F17/E17) -> 0.24211111
B18: اتصالات وإنترنت | C18: مصروف | D18: 600 | E18: =N(D18)*12 -> 7200 | F18: =IF(B18="",0,SUMIFS(txAmt,txCat,B18,txDate,">="&DATE(cfgYear,1,1),txDate,"<"&DATE(cfgYear+1,1,1))) -> 1800 | G18: =E18-F18 -> 5400 | H18: =IF(OR(B18="",E18=0),"",F18/E18) -> 0.25
B19: صحة | C19: مصروف | D19: 800 | E19: =N(D19)*12 -> 9600 | F19: =IF(B19="",0,SUMIFS(txAmt,txCat,B19,txDate,">="&DATE(cfgYear,1,1),txDate,"<"&DATE(cfgYear+1,1,1))) -> 1120 | G19: =E19-F19 -> 8480 | H19: =IF(OR(B19="",E19=0),"",F19/E19) -> 0.11666667
B20: تعليم وكورسات | C20: مصروف | D20: 1000 | E20: =N(D20)*12 -> 12000 | F20: =IF(B20="",0,SUMIFS(txAmt,txCat,B20,txDate,">="&DATE(cfgYear,1,1),txDate,"<"&DATE(cfgYear+1,1,1))) -> 2000 | G20: =E20-F20 -> 10000 | H20: =IF(OR(B20="",E20=0),"",F20/E20) -> 0.16666667
B21: ترفيه وخروجات | C21: مصروف | D21: 1200 | E21: =N(D21)*12 -> 14400 | F21: =IF(B21="",0,SUMIFS(txAmt,txCat,B21,txDate,">="&DATE(cfgYear,1,1),txDate,"<"&DATE(cfgYear+1,1,1))) -> 3413 | G21: =E21-F21 -> 10987 | H21: =IF(OR(B21="",E21=0),"",F21/E21) -> 0.23701389
B22: ملابس | C22: مصروف | D22: 800 | E22: =N(D22)*12 -> 9600 | F22: =IF(B22="",0,SUMIFS(txAmt,txCat,B22,txDate,">="&DATE(cfgYear,1,1),txDate,"<"&DATE(cfgYear+1,1,1))) -> 1200 | G22: =E22-F22 -> 8400 | H22: =IF(OR(B22="",E22=0),"",F22/E22) -> 0.125
B23: اشتراكات | C23: مصروف | D23: 400 | E23: =N(D23)*12 -> 4800 | F23: =IF(B23="",0,SUMIFS(txAmt,txCat,B23,txDate,">="&DATE(cfgYear,1,1),txDate,"<"&DATE(cfgYear+1,1,1))) -> 1200 | G23: =E23-F23 -> 3600 | H23: =IF(OR(B23="",E23=0),"",F23/E23) -> 0.25
B24: متفرقات وطوارئ | C24: مصروف | D24: 1000 | E24: =N(D24)*12 -> 12000 | F24: =IF(B24="",0,SUMIFS(txAmt,txCat,B24,txDate,">="&DATE(cfgYear,1,1),txDate,"<"&DATE(cfgYear+1,1,1))) -> 3057 | G24: =E24-F24 -> 8943 | H24: =IF(OR(B24="",E24=0),"",F24/E24) -> 0.25475
B25: إفطار وسحور | C25: مصروف | D25: 0 | E25: =N(D25)*12 -> 0 | F25: =IF(B25="",0,SUMIFS(txAmt,txCat,B25,txDate,">="&DATE(cfgYear,1,1),txDate,"<"&DATE(cfgYear+1,1,1))) -> 5700 | G25: =E25-F25 -> -5700 | H25: =IF(OR(B25="",E25=0),"",F25/E25)
... B28: ملابس العيد | C28: مصروف | D28: 0 | E28: =N(D28)*12 -> 0 | F28: =IF(B28="",0,SUMIFS(txAmt,txCat,B28,txDate,">="&DATE(cfgYear,1,1),txDate,"<"&DATE(cfgYear+1,1,1))) -> 2900 | G28: =E28-F28 -> -2900 | H28: =IF(OR(B28="",E28=0),"",F28/E28)
C29: مصروف | E29: =N(D29)*12 -> 0 | F29: =IF(B29="",0,SUMIFS(txAmt,txCat,B29,txDate,">="&DATE(cfgYear,1,1),txDate,"<"&DATE(cfgYear+1,1,1))) -> 0 | G29: =E29-F29 -> 0 | H29: =IF(OR(B29="",E29=0),"",F29/E29)
C30: مصروف | E30: =N(D30)*12 -> 0 | F30: =IF(B30="",0,SUMIFS(txAmt,txCat,B30,txDate,">="&DATE(cfgYear,1,1),txDate,"<"&DATE(cfgYear+1,1,1))) -> 0 | G30: =E30-F30 -> 0 | H30: =IF(OR(B30="",E30=0),"",F30/E30)
C31: مصروف | E31: =N(D31)*12 -> 0 | F31: =IF(B31="",0,SUMIFS(txAmt,txCat,B31,txDate,">="&DATE(cfgYear,1,1),txDate,"<"&DATE(cfgYear+1,1,1))) -> 0 | G31: =E31-F31 -> 0 | H31: =IF(OR(B31="",E31=0),"",F31/E31)
C32: مصروف | E32: =N(D32)*12 -> 0 | F32: =IF(B32="",0,SUMIFS(txAmt,txCat,B32,txDate,">="&DATE(cfgYear,1,1),txDate,"<"&DATE(cfgYear+1,1,1))) -> 0 | G32: =E32-F32 -> 0 | H32: =IF(OR(B32="",E32=0),"",F32/E32)
C33: مصروف | E33: =N(D33)*12 -> 0 | F33: =IF(B33="",0,SUMIFS(txAmt,txCat,B33,txDate,">="&DATE(cfgYear,1,1),txDate,"<"&DATE(cfgYear+1,1,1))) -> 0 | G33: =E33-F33 -> 0 | H33: =IF(OR(B33="",E33=0),"",F33/E33)
C34: مصروف | E34: =N(D34)*12 -> 0 | F34: =IF(B34="",0,SUMIFS(txAmt,txCat,B34,txDate,">="&DATE(cfgYear,1,1),txDate,"<"&DATE(cfgYear+1,1,1))) -> 0 | G34: =E34-F34 -> 0 | H34: =IF(OR(B34="",E34=0),"",F34/E34)
C35: مصروف | E35: =N(D35)*12 -> 0 | F35: =IF(B35="",0,SUMIFS(txAmt,txCat,B35,txDate,">="&DATE(cfgYear,1,1),txDate,"<"&DATE(cfgYear+1,1,1))) -> 0 | G35: =E35-F35 -> 0 | H35: =IF(OR(B35="",E35=0),"",F35/E35)
C36: مصروف | E36: =N(D36)*12 -> 0 | F36: =IF(B36="",0,SUMIFS(txAmt,txCat,B36,txDate,">="&DATE(cfgYear,1,1),txDate,"<"&DATE(cfgYear+1,1,1))) -> 0 | G36: =E36-F36 -> 0 | H36: =IF(OR(B36="",E36=0),"",F36/E36)
C37: مصروف | E37: =N(D37)*12 -> 0 | F37: =IF(B37="",0,SUMIFS(txAmt,txCat,B37,txDate,">="&DATE(cfgYear,1,1),txDate,"<"&DATE(cfgYear+1,1,1))) -> 0 | G37: =E37-F37 -> 0 | H37: =IF(OR(B37="",E37=0),"",F37/E37)
C38: مصروف | E38: =N(D38)*12 -> 0 | F38: =IF(B38="",0,SUMIFS(txAmt,txCat,B38,txDate,">="&DATE(cfgYear,1,1),txDate,"<"&DATE(cfgYear+1,1,1))) -> 0 | G38: =E38-F38 -> 0 | H38: =IF(OR(B38="",E38=0),"",F38/E38)
C39: مصروف | E39: =N(D39)*12 -> 0 | F39: =IF(B39="",0,SUMIFS(txAmt,txCat,B39,txDate,">="&DATE(cfgYear,1,1),txDate,"<"&DATE(cfgYear+1,1,1))) -> 0 | G39: =E39-F39 -> 0 | H39: =IF(OR(B39="",E39=0),"",F39/E39)
C40: مصروف | E40: =N(D40)*12 -> 0 | F40: =IF(B40="",0,SUMIFS(txAmt,txCat,B40,txDate,">="&DATE(cfgYear,1,1),txDate,"<"&DATE(cfgYear+1,1,1))) -> 0 | G40: =E40-F40 -> 0 | H40: =IF(OR(B40="",E40=0),"",F40/E40)
B42: إجمالي الدخل | C42: دخل | D42: =SUMIF($C$6:$C$40,C42,D6:D40) -> 34500 | E42: =SUMIF($C$6:$C$40,C42,E6:E40) -> 414000 | F42: =SUMIF($C$6:$C$40,C42,F6:F40) -> 104858 | G42: =SUMIF($C$6:$C$40,C42,G6:G40) -> 309142 | H42: =IF(E42=0,0,F42/E42) -> 0.25328019
B43: إجمالي المصروف | C43: مصروف | D43: =SUMIF($C$6:$C$40,C43,D6:D40) -> 21800 | E43: =SUMIF($C$6:$C$40,C43,E6:E40) -> 261600 | F43: =SUMIF($C$6:$C$40,C43,F6:F40) -> 79015 | G43: =SUMIF($C$6:$C$40,C43,G6:G40) -> 182585 | H43: =IF(E43=0,0,F43/E43) -> 0.30204511

Sheet الأهداف
B2: الأهداف
B5: الهدف | C5: المبلغ المطلوب | D5: المدّخر حتى الآن | E5: الموعد | F5: التقدّم | G5: المتبقي | H5: شهور متبقية | I5: مطلوب شهرياً | J5: الحالة
B6: صندوق طوارئ (6 شهور) | C6: 120000 | D6: 21000 | E6: 46752 | F6: =IF(OR(B6="",N(C6)=0),"",MIN(1,N(D6)/C6)) -> 0.175 | G6: =IF(B6="","",MAX(0,N(C6)-N(D6))) -> 99000 | H6: =IF(OR(B6="",E6=""),"",MAX(1,(YEAR(E6)-YEAR(TODAY()))*12+MONTH(E6)-MONTH(TODAY()))) -> 14 | I6: =IF(H6="","",G6/H6) -> 7071.4286 | J6: =IF(B6="","",IF(N(F6)>=1,"✓ تم",IF(AND(E6<>"",E6<TODAY()),"متأخر","على المسار"))) -> على المسار
B7: عمرة | C7: 90000 | D7: 15000 | E7: 46691 | F7: =IF(OR(B7="",N(C7)=0),"",MIN(1,N(D7)/C7)) -> 0.16666667 | G7: =IF(B7="","",MAX(0,N(C7)-N(D7))) -> 75000 | H7: =IF(OR(B7="",E7=""),"",MAX(1,(YEAR(E7)-YEAR(TODAY()))*12+MONTH(E7)-MONTH(TODAY()))) -> 12 | I7: =IF(H7="","",G7/H7) -> 6250 | J7: =IF(B7="","",IF(N(F7)>=1,"✓ تم",IF(AND(E7<>"",E7<TODAY()),"متأخر","على المسار"))) -> على المسار
B8: لابتوب جديد | C8: 45000 | D8: 30000 | E8: 46568 | F8: =IF(OR(B8="",N(C8)=0),"",MIN(1,N(D8)/C8)) -> 0.66666667 | G8: =IF(B8="","",MAX(0,N(C8)-N(D8))) -> 15000 | H8: =IF(OR(B8="",E8=""),"",MAX(1,(YEAR(E8)-YEAR(TODAY()))*12+MONTH(E8)-MONTH(TODAY()))) -> 8 | I8: =IF(H8="","",G8/H8) -> 1875 | J8: =IF(B8="","",IF(N(F8)>=1,"✓ تم",IF(AND(E8<>"",E8<TODAY()),"متأخر","على المسار"))) -> على المسار
B9: عيدية وهدايا العيد | C9: 3000 | D9: 3000 | E9: 46454 | F9: =IF(OR(B9="",N(C9)=0),"",MIN(1,N(D9)/C9)) -> 1 | G9: =IF(B9="","",MAX(0,N(C9)-N(D9))) -> 0 | H9: =IF(OR(B9="",E9=""),"",MAX(1,(YEAR(E9)-YEAR(TODAY()))*12+MONTH(E9)-MONTH(TODAY()))) -> 5 | I9: =IF(H9="","",G9/H9) -> 0 | J9: =IF(B9="","",IF(N(F9)>=1,"✓ تم",IF(AND(E9<>"",E9<TODAY()),"متأخر","على المسار"))) -> ✓ تم
F10: =IF(OR(B10="",N(C10)=0),"",MIN(1,N(D10)/C10)) | G10: =IF(B10="","",MAX(0,N(C10)-N(D10))) | H10: =IF(OR(B10="",E10=""),"",MAX(1,(YEAR(E10)-YEAR(TODAY()))*12+MONTH(E10)-MONTH(TODAY()))) | I10: =IF(H10="","",G10/H10) | J10: =IF(B10="","",IF(N(F10)>=1,"✓ تم",IF(AND(E10<>"",E10<TODAY()),"متأخر","على المسار")))
F11: =IF(OR(B11="",N(C11)=0),"",MIN(1,N(D11)/C11)) | G11: =IF(B11="","",MAX(0,N(C11)-N(D11))) | H11: =IF(OR(B11="",E11=""),"",MAX(1,(YEAR(E11)-YEAR(TODAY()))*12+MONTH(E11)-MONTH(TODAY()))) | I11: =IF(H11="","",G11/H11) | J11: =IF(B11="","",IF(N(F11)>=1,"✓ تم",IF(AND(E11<>"",E11<TODAY()),"متأخر","على المسار")))
F12: =IF(OR(B12="",N(C12)=0),"",MIN(1,N(D12)/C12)) | G12: =IF(B12="","",MAX(0,N(C12)-N(D12))) | H12: =IF(OR(B12="",E12=""),"",MAX(1,(YEAR(E12)-YEAR(TODAY()))*12+MONTH(E12)-MONTH(TODAY()))) | I12: =IF(H12="","",G12/H12) | J12: =IF(B12="","",IF(N(F12)>=1,"✓ تم",IF(AND(E12<>"",E12<TODAY()),"متأخر","على المسار")))
F13: =IF(OR(B13="",N(C13)=0),"",MIN(1,N(D13)/C13)) | G13: =IF(B13="","",MAX(0,N(C13)-N(D13))) | H13: =IF(OR(B13="",E13=""),"",MAX(1,(YEAR(E13)-YEAR(TODAY()))*12+MONTH(E13)-MONTH(TODAY()))) | I13: =IF(H13="","",G13/H13) | J13: =IF(B13="","",IF(N(F13)>=1,"✓ تم",IF(AND(E13<>"",E13<TODAY()),"متأخر","على المسار")))
F14: =IF(OR(B14="",N(C14)=0),"",MIN(1,N(D14)/C14)) | G14: =IF(B14="","",MAX(0,N(C14)-N(D14))) | H14: =IF(OR(B14="",E14=""),"",MAX(1,(YEAR(E14)-YEAR(TODAY()))*12+MONTH(E14)-MONTH(TODAY()))) | I14: =IF(H14="","",G14/H14) | J14: =IF(B14="","",IF(N(F14)>=1,"✓ تم",IF(AND(E14<>"",E14<TODAY()),"متأخر","على المسار")))
F15: =IF(OR(B15="",N(C15)=0),"",MIN(1,N(D15)/C15)) | G15: =IF(B15="","",MAX(0,N(C15)-N(D15))) | H15: =IF(OR(B15="",E15=""),"",MAX(1,(YEAR(E15)-YEAR(TODAY()))*12+MONTH(E15)-MONTH(TODAY()))) | I15: =IF(H15="","",G15/H15) | J15: =IF(B15="","",IF(N(F15)>=1,"✓ تم",IF(AND(E15<>"",E15<TODAY()),"متأخر","على المسار")))
B17: الإجمالي | C17: =SUM(C6:C15) -> 258000 | D17: =SUM(D6:D15) -> 69000 | F17: =IF(C17=0,0,MIN(1,D17/C17)) -> 0.26744186 | G17: =SUM(G6:G15) -> 189000 | I17: =SUM(I6:I15) -> 15196.429

Sheet رمضان
B2: ☾ رمضان 1448
B5: مواعيد رمضان | H5: متابعة 30 يوم
B6: أول يوم رمضان | C6: =cfgRStart -> 46426 | H6: اليوم | I6: التاريخ | J6: صيام | K6: قرآن (صفحات) | L6: تراويح | M6: صدقة
B7: آخر يوم رمضان (تلقائي) | C7: =cfgREnd -> 46455 | H7: =IF(1>cfgRDays,"",1) -> 1 | I7: =IF(1>cfgRDays,"",cfgRStart+1-1) -> 46426 | J7: ✓ | K7: 20 | L7: ✓ | M7: 100
B8: أيام متبقية على رمضان | C8: =MAX(0,cfgRStart-TODAY()) -> 119 | H8: =IF(2>cfgRDays,"",2) -> 2 | I8: =IF(2>cfgRDays,"",cfgRStart+2-1) -> 46427 | J8: ✓ | K8: 20 | L8: ✓ | M8: 150
H9: =IF(3>cfgRDays,"",3) -> 3 | I9: =IF(3>cfgRDays,"",cfgRStart+3-1) -> 46428 | J9: ✓ | K9: 15 | L9: ✓ | M9: 200
B10: ميزانية رمضان | H10: =IF(4>cfgRDays,"",4) -> 4 | I10: =IF(4>cfgRDays,"",cfgRStart+4-1) -> 46429 | J10: ✓ | K10: 20 | L10: ✓ | M10: 50
B11: الفئة | C11: المخطط | D11: الفعلي في رمضان | E11: المتبقي | F11: % المستخدم | H11: =IF(5>cfgRDays,"",5) -> 5 | I11: =IF(5>cfgRDays,"",cfgRStart+5-1) -> 46430 | J11: ✓ | K11: 20 | L11: ✗ | M11: 100
B12: إفطار وسحور | C12: 5000 | D12: =IF(B12="",0,SUMIFS(txAmt,txCat,B12,txDate,">="&cfgRStart,txDate,"<="&cfgREnd)) -> 5700 | E12: =N(C12)-D12 -> -700 | F12: =IF(N(C12)=0,"",D12/C12) -> 1.14 | H12: =IF(6>cfgRDays,"",6) -> 6 | I12: =IF(6>cfgRDays,"",cfgRStart+6-1) -> 46431 | J12: ✓ | K12: 15 | L12: ✓ | M12: 150
B13: زكاة وصدقات | C13: 6000 | D13: =IF(B13="",0,SUMIFS(txAmt,txCat,B13,txDate,">="&cfgRStart,txDate,"<="&cfgREnd)) -> 5800 | E13: =N(C13)-D13 -> 200 | F13: =IF(N(C13)=0,"",D13/C13) -> 0.96666667 | H13: =IF(7>cfgRDays,"",7) -> 7 | I13: =IF(7>cfgRDays,"",cfgRStart+7-1) -> 46432 | J13: ✓ | K13: 20 | L13: ✓ | M13: 200
B14: هدايا وعيدية | C14: 3000 | D14: =IF(B14="",0,SUMIFS(txAmt,txCat,B14,txDate,">="&cfgRStart,txDate,"<="&cfgREnd)) -> 2600 | E14: =N(C14)-D14 -> 400 | F14: =IF(N(C14)=0,"",D14/C14) -> 0.86666667 | H14: =IF(8>cfgRDays,"",8) -> 8 | I14: =IF(8>cfgRDays,"",cfgRStart+8-1) -> 46433 | J14: ✓ | K14: 20 | L14: ✓ | M14: 50
B15: ملابس العيد | C15: 2500 | D15: =IF(B15="",0,SUMIFS(txAmt,txCat,B15,txDate,">="&cfgRStart,txDate,"<="&cfgREnd)) -> 2900 | E15: =N(C15)-D15 -> -400 | F15: =IF(N(C15)=0,"",D15/C15) -> 1.16 | H15: =IF(9>cfgRDays,"",9) -> 9 | I15: =IF(9>cfgRDays,"",cfgRStart+9-1) -> 46434 | J15: ✓ | K15: 15 | L15: ✗ | M15: 100
D16: =IF(B16="",0,SUMIFS(txAmt,txCat,B16,txDate,">="&cfgRStart,txDate,"<="&cfgREnd)) -> 0 | E16: =N(C16)-D16 -> 0 | F16: =IF(N(C16)=0,"",D16/C16) | H16: =IF(10>cfgRDays,"",10) -> 10 | I16: =IF(10>cfgRDays,"",cfgRStart+10-1) -> 46435 | J16: ✓ | K16: 20 | L16: ✓ | M16: 150
D17: =IF(B17="",0,SUMIFS(txAmt,txCat,B17,txDate,">="&cfgRStart,txDate,"<="&cfgREnd)) -> 0 | E17: =N(C17)-D17 -> 0 | F17: =IF(N(C17)=0,"",D17/C17) | H17: =IF(11>cfgRDays,"",11) -> 11 | I17: =IF(11>cfgRDays,"",cfgRStart+11-1) -> 46436 | J17: ✓ | K17: 20 | L17: ✓ | M17: 200
D18: =IF(B18="",0,SUMIFS(txAmt,txCat,B18,txDate,">="&cfgRStart,txDate,"<="&cfgREnd)) -> 0 | E18: =N(C18)-D18 -> 0 | F18: =IF(N(C18)=0,"",D18/C18) | H18: =IF(12>cfgRDays,"",12) -> 12 | I18: =IF(12>cfgRDays,"",cfgRStart+12-1) -> 46437 | J18: ✓ | K18: 15 | L18: ✓ | M18: 50
D19: =IF(B19="",0,SUMIFS(txAmt,txCat,B19,txDate,">="&cfgRStart,txDate,"<="&cfgREnd)) -> 0 | E19: =N(C19)-D19 -> 0 | F19: =IF(N(C19)=0,"",D19/C19) | H19: =IF(13>cfgRDays,"",13) -> 13 | I19: =IF(13>cfgRDays,"",cfgRStart+13-1) -> 46438
B20: الإجمالي | C20: =SUM(C12:C19) -> 16500 | D20: =SUM(D12:D19) -> 17000 | E20: =C20-D20 -> -500 | F20: =IF(C20=0,0,D20/C20) -> 1.030303 | H20: =IF(14>cfgRDays,"",14) -> 14 | I20: =IF(14>cfgRDays,"",cfgRStart+14-1) -> 46439
B21: كل المصروفات خلال رمضان | D21: =SUMIFS(txAmt,txType,"مصروف",txDate,">="&cfgRStart,txDate,"<="&cfgREnd) -> 36692 | H21: =IF(15>cfgRDays,"",15) -> 15 | I21: =IF(15>cfgRDays,"",cfgRStart+15-1) -> 46440
H22: =IF(16>cfgRDays,"",16) -> 16 | I22: =IF(16>cfgRDays,"",cfgRStart+16-1) -> 46441
B23: حاسبة الزكاة | H23: =IF(17>cfgRDays,"",17) -> 17 | I23: =IF(17>cfgRDays,"",cfgRStart+17-1) -> 46442
B24: نقدي وأرصدة بنكية | C24: 350000 | H24: =IF(18>cfgRDays,"",18) -> 18 | I24: =IF(18>cfgRDays,"",cfgRStart+18-1) -> 46443
B25: قيمة الذهب والفضة | C25: 120000 | H25: =IF(19>cfgRDays,"",19) -> 19 | I25: =IF(19>cfgRDays,"",cfgRStart+19-1) -> 46444
B26: استثمارات وعروض تجارة | C26: 80000 | H26: =IF(20>cfgRDays,"",20) -> 20 | I26: =IF(20>cfgRDays,"",cfgRStart+20-1) -> 46445
B27: ديون لك مرجوّة السداد | C27: 20000 | H27: =IF(21>cfgRDays,"",21) -> 21 | I27: =IF(21>cfgRDays,"",cfgRStart+21-1) -> 46446
B28: (−) ديون عليك مستحقة | C28: 30000 | H28: =IF(22>cfgRDays,"",22) -> 22 | I28: =IF(22>cfgRDays,"",cfgRStart+22-1) -> 46447
B29: صافي المال الخاضع للزكاة | C29: =C24+C25+C26+C27-C28 -> 540000 | H29: =IF(23>cfgRDays,"",23) -> 23 | I29: =IF(23>cfgRDays,"",cfgRStart+23-1) -> 46448
B30: النصاب | C30: =cfgNisab -> 510000 | H30: =IF(24>cfgRDays,"",24) -> 24 | I30: =IF(24>cfgRDays,"",cfgRStart+24-1) -> 46449
B31: بلغ النصاب؟ | C31: =IF(C29>=C30,"نعم","لا") -> نعم | H31: =IF(25>cfgRDays,"",25) -> 25 | I31: =IF(25>cfgRDays,"",cfgRStart+25-1) -> 46450
B32: الزكاة المستحقة (2.5%) | C32: =IF(C29>=C30,C29*0.025,0) -> 13500 | H32: =IF(26>cfgRDays,"",26) -> 26 | I32: =IF(26>cfgRDays,"",cfgRStart+26-1) -> 46451
H33: =IF(27>cfgRDays,"",27) -> 27 | I33: =IF(27>cfgRDays,"",cfgRStart+27-1) -> 46452
B34: حاسبة استرشادية — بشرط مرور حول هجري كامل على المال. راجع جهة إفتاء موثوقة للحالات الخاصة. | H34: =IF(28>cfgRDays,"",28) -> 28 | I34: =IF(28>cfgRDays,"",cfgRStart+28-1) -> 46453
H35: =IF(29>cfgRDays,"",29) -> 29 | I35: =IF(29>cfgRDays,"",cfgRStart+29-1) -> 46454
H36: =IF(30>cfgRDays,"",30) -> 30 | I36: =IF(30>cfgRDays,"",cfgRStart+30-1) -> 46455
H37: الإجمالي | J37: =COUNTIF(J7:J36,"✓")&" / "&cfgRDays -> 12 / 30 | K37: =SUM(K7:K36) -> 220 | L37: =COUNTIF(L7:L36,"✓")&" / "&cfgRDays -> 10 / 30 | M37: =SUM(M7:M36) -> 1500
